{
    "frame": {
        "image": {
            "src": "panel.png",
            "stretch": [16, 16, 16, 16],
            "padding": [16, 16, 16, 16]
        }
    },
    "titlebar": {
        "image-left": {
            "src": "titlepanel.png",
            "region": [0, 32, 28, 48],
            "stretch": [16, 16, 12, 32]
        },
        "image-center": {
            "src": "titlepanel.png",
            "region": [28, 32, 72, 48],
            "stretch": [24, 24, 16, 16],
            "padding": [24, 24, 16, 24]
        },
        "image-right": {
            "src": "titlepanel.png",
            "region": [100, 32, 28, 48],
            "stretch": [0, 16, 0, 20]
        },
        "image-frame": {
            "src": "titlepanel.png",
            "region": [0, 0, 128, 32],
            "stretch": [16, 16, 96, 16],
            "padding": [16, 16, 0, 16]
        },
        "font_size": 18
    },
    "button": {
        "image": {
            "src": "button.png",
            "stretch": [8, 6, 2, 2],
            "padding": [18, 18, 8, 6]
        },
        "image-down": {
            "src": "button-down.png",
            "stretch": [8, 6, 2, 2],
            "padding": [18, 18, 8, 6]
        },
        "image-highlight": {
            "src": "button-highlight.png",
            "stretch": [8, 6, 2, 2],
            "padding": [18, 18, 8, 6]
        },
        "up": {
        },
        "down": {
            "gui_color": [0, 0, 0, 255]
        }
    },
    "input": {
        "image": {
            "src": "input.png",
            "stretch": [3, 3, 2, 2],
            "padding": [3, 3, 2, 3]
        },
        "image-highlight": {
            "src": "input-highlight.png",
            "stretch": [0, 0, 8, 8],
            "padding": [0, 0, 0, 0]
        }
    },
    "hscrollbar": {
        "image-bar": {
            "src": "hscrollbar.png",
            "region": [64, 0, 16, 16],
            "stretch": [6, 0, 4, 16]
        },
        "image-left": {
            "src": "hscrollbar.png",
            "region": [0, 0, 16, 16]
        },
        "image-leftmax": {
            "src": "hscrollbar.png",
            "region": [48, 0, 16, 16]
        },
        "image-right": {
            "src": "hscrollbar.png",
            "region": [32, 0, 16, 16]
        },
        "image-rightmax": {
            "src": "hscrollbar.png",
            "region": [80, 0, 16, 16]
        },
        "image-space": {
            "src": "hscrollbar.png",
            "region": [16, 0, 16, 16],
            "stretch": [0, 0, 16, 16]
        }
    },
    "vscrollbar": {
        "image-bar": {
            "src": "vscrollbar.png",
            "region": [0, 16, 16, 16],
            "stretch": [0, 6, 16, 4]
        },
        "image-down": {
            "src": "vscrollbar.png",
            "region": [0, 48, 16, 16]
        },
        "image-downmax": {
            "src": "vscrollbar.png",
            "region": [0, 0, 16, 16]
        },
        "image-space": {
            "src": "vscrollbar.png",
            "region": [0, 64, 16, 16],
            "stretch": [0, 0, 16, 16]
        },
        "image-up": {
            "src": "vscrollbar.png",
            "region": [0, 80, 16, 16]
        },
        "image-upmax": {
            "src": "vscrollbar.png",
            "region": [0, 32, 16, 16]
        }
    },
    "menuoption": {
        "image-highlight": {
            "src": "input-highlight.png"
        },
        "selection": {
            "text_color": [0, 0, 0, 255],
            "gui_color": [255, 255, 255, 255]
        }
    },
    "checkbox": {
        "image": {
            "src": "checkbox.png"
        },
        "image-checked": {
            "src": "checkbox-checked.png"
        },
        "image-highlight": {
            "src": "input-highlight.png"
        }
    },
    "slider": {
        "image-bar": {
            "src": "slider-bar.png",
            "stretch": [8, 8, 8, 0],
            "padding": [8, 8, 8, 8]
        },
        "image-knob": {
            "src": "slider-knob.png"
        },
        "image-step": {
            "src": "slider-step.png"
        },
        "offset": [-8, -16],
        "padding": [8, 8, 8, 8],
        "step-offset": [-2, -8]
    },
    "section": {
        "image-left": {
            "src": "line.png",
            "region": [0, 0, 6, 4],
            "stretch": [2, 4, 4, 0],
            "padding": [0, 0, 0, 6]
        },
        "image-center": {
            "src": "line.png",
            "region": [2, 0, 4, 4],
            "stretch": [0, 4, 4, 0],
            "padding": [0, 0, 0, 6]
        },
        "image-right": {
            "src": "line.png",
            "region": [2, 0, 6, 4],
            "stretch": [0, 4, 4, 0],
            "padding": [0, 0, 0, 6]
        },
        "image-opened": {
            "src": "book-open.png"
        },
        "image-closed": {
            "src": "book.png"
        },
        "font_size": 14
    },
    "dropdown": {
        "image": {
            "src": "dropdown.png",
            "stretch": [4, 8, 20, 5],
            "padding": [6, 10, 6, 10]
        }
    },
    "pulldown": {
        "image": {
            "src": "pulldown.png",
            "stretch": [3, 3, 10, 10],
            "padding": [4, 4, 4, 4]
        }
    }
}